{"success": true, "score": 0.8037058144462468, "scoreJson": {"score": 0.8037058144462468, "mean_recall": 0.8037058144462468, "r1": 0.17097014598220156, "r5": 0.8241637806321511, "r10": 1.4159835167243875}}